{"success":true,"data":{"list":[{"_id":"5f45b79583b2e61d21c55a65","rating":5,"name":"Preeti jhanwar","feedback":"Lovely nice concept....","createdAt":"2020-08-26T01:15:01.155Z","timestampId":1598404501155,"date":"August 26, 2020"},{"_id":"5edc6d8f15bc317ddd605e06","rating":5,"name":"Saurabh chitranshi","feedback":"Amazing way to start new  business in era of digitalization.","createdAt":"2020-06-07T04:31:11.656Z","timestampId":1591504271656,"date":"June 7, 2020"},{"_id":"5edb485c15bc317ddd601b94","rating":5,"name":"Nishtha Bhatt","feedback":"Digicrafts has been a great resource to me and my company. They have helped us not only put engaging content on our social media platforms but have also helped us gaun Visibility and have seen a huge growth since we have started with them. Way to go Digicrafts 👏🏻👏🏻","createdAt":"2020-06-06T07:40:12.258Z","timestampId":1591429212258,"date":"June 6, 2020"},{"_id":"5ed90c532ffc4247c7396dcd","rating":null,"name":"Ashfaque Ahmad","feedback":"this is the demand of time ,very nice creativity keep it up mam","createdAt":"2020-06-04T14:59:31.348Z","timestampId":1591282771348,"date":"June 4, 2020"},{"_id":"5ed0eaf136db6f7f9b2b9b09","rating":5,"name":"Deeksha Sikarwar","feedback":"Amazing concept. Good luck and keep rocking 😊","createdAt":"2020-05-29T10:58:57.182Z","timestampId":1590749937182,"date":"May 29, 2020"}],"total":13,"limit":5,"page":1}}